project_id,chain,version,mean_plddt,ptm,rmsd_from_5jxe
TUPPD1,H,1,46.5,0.336914063,0.71
TUPPD1,H,2,55.53125,0.461181641,0.673
TUPPD1,H,3,80.3125,0.772460938,1.176
TUPPD1,L,1,82.1875,0.791992188,3.173
TUPPD1,L,2,87.875,0.828125,2.406
TUPPD1,L,3,69.75,0.644042969,0.748
