antibody_id,mean_plddt,ptm,iptm
TUPPD1-001,61.25,0.520019531,0.168579102
TUPPD1-002,63.96875,0.674316406,0.468505859
TUPPD1-003,80.4375,0.838867188,0.792480469
TUPPD1-004,64.875,0.534179688,0.183959961
TUPPD1-005,66.75,0.649902344,0.397460938
TUPPD1-006,81.875,0.831542969,0.773925781
TUPPD1-007,56.21875,0.489501953,0.179199219
TUPPD1-008,55.96875,0.474121094,0.159423828
TUPPD1-009,81.375,0.846679688,0.798828125